method,round,budget,total_images,images_reviewed,effort_pct,mAP50,mAP50_95,precision,recall,effort_reduction_vs_random_pct
random,0,0,1000,100,10.0,0.38,0.215,0.45,0.37,0.0
random,1,100,1000,200,20.0,0.465,0.272,0.52,0.455,0.0
random,2,200,1000,300,30.0,0.535,0.32,0.585,0.52,0.0
random,3,300,1000,400,40.0,0.59,0.365,0.63,0.58,0.0
random,4,400,1000,500,50.0,0.635,0.398,0.67,0.625,0.0
confidence,0,0,1000,100,10.0,0.38,0.215,0.45,0.37,0.0
confidence,1,100,1000,200,20.0,0.51,0.305,0.56,0.5,0.0
confidence,2,200,1000,300,30.0,0.615,0.38,0.655,0.605,0.0
confidence,3,300,1000,400,40.0,0.69,0.435,0.72,0.68,0.0
confidence,4,400,1000,500,50.0,0.735,0.472,0.765,0.73,0.0
labelless,0,0,1000,100,10.0,0.38,0.215,0.45,0.37,0.0
labelless,1,100,1000,145,14.5,0.56,0.342,0.61,0.55,27.5
labelless,2,200,1000,190,19.0,0.675,0.428,0.715,0.665,36.67
labelless,3,300,1000,230,23.0,0.745,0.485,0.78,0.74,42.5
labelless,4,400,1000,265,26.5,0.782,0.515,0.815,0.775,47.0
